run_name,accuracy,uar,f1,train_loss,dev_loss,accuracy.std,uar.std,f1.std,train_loss.std,dev_loss.std,best_iteration,test_accuracy,test_uar,test_f1,test_loss
DCASE2018Task3-16k_Cnn10-AS-0.01-P_Adam_0.001_32_epoch_50_None_None_None_#,0.9093535572408812,0.9068182501868456,0.9073493199473588,0.2267514800459184,0.2589451033967925,0.0034827196681087,0.0031541664114492,0.0033712886594506,0.0016492825432637,0.0209988034333722,13,0.7612916666666667,0.8080142748651947,0.7338858901807318,0.5653749175100801
DCASE2018Task3-16k_Cnn10-AS-0.03-P_Adam_0.001_32_epoch_50_None_None_None_#,0.9093535572408812,0.9067015046872674,0.9073094681187212,0.2282647363487654,0.2504011745844697,0.0020107491378944,0.0032817304475488,0.0024258779053003,0.0030991135040987,0.0006486090556966,7,0.797625,0.8168862121753797,0.7638714801575587,0.5067229555488114
DCASE2018Task3-16k_Cnn10-AS-0.1-P_Adam_0.001_32_epoch_50_None_None_None_#,0.9134464909112796,0.91072919312817,0.911479299564738,0.1870251663370319,0.2519591481523337,0.0007517753699768,0.0019397194896658,0.0011107481877257,0.0033760480748923,0.0028060015950128,7,0.8139166666666666,0.8148614011001603,0.7747915959736708,0.4590356256150125
DCASE2018Task3-16k_Cnn10-AS-0.3-P_Adam_0.001_32_epoch_50_None_None_None_#,0.915974479354761,0.9134605961143653,0.9140965549658334,0.234092808018128,0.238581080534522,0.0004170099452434,0.0003985043070807,0.000126714661676,0.0017788979840092,0.0031650069926976,3,0.8182916666666666,0.8276774010211846,0.7826952592769506,0.4329950963578426
DCASE2018Task3-16k_Cnn10-AS-P_Adam_0.001_32_epoch_50_None_None_None_#,0.9168171421692548,0.9139869050126616,0.914898669237856,0.1797393770481168,0.2467100413670286,0.0027582615233874,0.0012247861406589,0.0022948545602423,0.0019479524682883,0.0066047488151473,7,0.8348333333333334,0.8374694762286544,0.7990140689446172,0.4343906980378118
DCASE2018Task3-16k_Cnn10-AS-animal-P_Adam_0.001_32_epoch_50_None_None_None_#,0.9111592632719392,0.9091665677068002,0.9092854956691584,0.2707279297631993,0.2520241971613488,0.0022553261099307,0.0022075966592831,0.0023425000936508,0.0008375910358541,0.0115989033125074,2,0.8002083333333333,0.820729792258544,0.7666516945264723,0.4866029153223563
DCASE2018Task3-16k_Cnn10-AS-humansounds-P_Adam_0.001_32_epoch_50_None_None_None_#,0.9141687733237028,0.9110986729479426,0.9121634412629468,0.1733667318337382,0.2597664893668328,0.0039615944798132,0.0022979138089746,0.0034698288336574,0.003258319981405,0.0011488923677175,7,0.793125,0.8188113868915784,0.7613709080494027,0.8789699311114743
DCASE2018Task3-16k_Cnn10-AS-naturalsounds-P_Adam_0.001_32_epoch_50_None_None_None_#,0.9098350788491631,0.9083090894747576,0.9080195664655204,0.1948724217851561,0.2710106114442415,0.0065538257319446,0.0050807303720875,0.0065869566285088,0.0013732738064513,0.0208270120701472,14,0.793875,0.8178656523925065,0.7609226624572368,0.5090859778713229
DCASE2018Task3-16k_Cnn10-AS-naturalsources-P_Adam_0.001_32_epoch_50_None_None_None_#,0.9176598049837488,0.9153695431546992,0.9158478484804472,0.2307719129162003,0.2400525935529415,0.0012510298357305,0.0014385009936754,0.0010654844426737,0.0021945159876244,0.0082674186283463,3,0.8341249999999999,0.8398271136411554,0.7990951465421606,0.4659038238705524
DCASE2018Task3-16k_Cnn10-AS-nature-P_Adam_0.001_32_epoch_50_None_None_None_#,0.9121223064885036,0.9104474436074949,0.9103310232232854,0.2460024202267201,0.2486898178403199,0.003978021341485,0.0022848948256012,0.0034639164403985,0.0015640457815118,0.0149623554699097,3,0.7699583333333333,0.8107496560676992,0.7413794244166333,0.7142382544193472
DCASE2018Task3-16k_Cnn10-AS-nonhuman-P_Adam_0.001_32_epoch_50_None_None_None_#,0.9151318165402672,0.915391760779722,0.9136830923087887,0.1927172290826767,0.2510865396407913,0.0033099138280649,0.001353128799731,0.0031386591112224,0.0036152297806412,0.0126587964005255,5,0.8410000000000001,0.827822025346982,0.8010480269201646,0.5354320196608057
DCASE2018Task3-16k_Cnn10-AS-speech-P_Adam_0.001_32_epoch_50_None_None_None_#,0.9111592632719394,0.9088701947447514,0.9092335270223588,0.1841935253828432,0.2740770766962608,0.0016549569140325,0.0020246142304077,0.0014764859055788,0.0010189859506723,0.0044987137947679,10,0.789875,0.8112965630744692,0.7563830524017668,0.8434950930007927
DCASE2018Task3-16k_Cnn10-AS-things-P_Adam_0.001_32_epoch_50_None_None_None_#,0.914650294931985,0.913698377537241,0.9129943364403602,0.2060652684578157,0.2489919367239654,0.0040268998877279,0.0007748784276038,0.0037194364788975,0.0017899959485592,0.0095724035191306,5,0.8282083333333334,0.8105902943045095,0.7850806848895271,0.4076088548414661
DCASE2018Task3-16k_Cnn10_Adam_0.001_32_epoch_50_None_None_None_#,0.9074274708077524,0.9053554769141248,0.905478525638296,0.1712383977171379,0.2740454646783155,0.0018177042097678,0.0017818996594528,0.0018298895099123,0.0175051093511925,0.0145652012144804,30,0.7629166666666668,0.7942079755626493,0.7311280258325796,0.5320631989389887
DCASE2020Task1A-16k_Cnn10-AS-0.01-P_Adam_0.001_32_epoch_50_None_None_None_#,0.5698554499992766,0.5930817316088195,0.5424903500965602,0.1227052407398872,2.3020101097190264,0.037266745993797,0.0331131857667394,0.0378897643627035,0.0205419927860629,0.380079454967711,34,0.5569407008086253,0.5569508902842236,0.551908910999479,2.095961086980417
DCASE2020Task1A-16k_Cnn10-AS-0.03-P_Adam_0.001_32_epoch_50_None_None_None_#,0.5847180850451954,0.5799216213054725,0.5542899186451565,0.1293326173279263,1.938462653131028,0.0222999079493857,0.0496666319329478,0.0520765226042503,0.0116480437657363,0.3336780031853724,18,0.5868149146451033,0.5867947492947493,0.5773288008487657,2.213068204832838
DCASE2020Task1A-16k_Cnn10-AS-0.1-P_Adam_0.001_32_epoch_50_None_None_None_#,0.6040281147164164,0.6002312209131501,0.559005873436164,0.0452343214978614,2.317317379948844,0.0205317673616231,0.0273204378451145,0.0314794213390613,0.0043523380376576,0.1226027026975579,45,0.5862533692722373,0.5862286528953197,0.5818395033473287,1.5159712946372672
DCASE2020Task1A-16k_Cnn10-AS-0.3-P_Adam_0.001_32_epoch_50_None_None_None_#,0.6109291507476068,0.6201734714551878,0.574054547265871,0.0689761223495036,1.931699782513958,0.026590549000546,0.0255886910632494,0.0258587338324194,0.0080008022279473,0.3404526061717495,22,0.6059074573225517,0.6058933933933933,0.6025507376507072,1.9815156924809123
DCASE2020Task1A-16k_Cnn10-AS-P_Adam_0.001_32_epoch_50_None_None_None_#,0.6183112387782808,0.6278169978640052,0.5860813541196684,0.0440520374349793,2.1499654287996144,0.0218204388893833,0.0322733293969366,0.0377765326714195,0.008841267679332,0.171927463476974,35,0.6261230907457324,0.6260859344192679,0.6251656741457768,1.694026703292385
DCASE2020Task1A-16k_Cnn10-AS-animal-P_Adam_0.001_32_epoch_50_None_None_None_#,0.5883302128182114,0.5903553432277331,0.5512559419531634,0.0450701489039322,2.386045852570004,0.021916034522266,0.0416890178814495,0.0402093860908058,0.0086475568615369,0.0909335162911685,41,0.5634546271338724,0.5634365426032093,0.5561993176493171,2.3004150511630885
DCASE2020Task1A-16k_Cnn10-AS-humansounds-P_Adam_0.001_32_epoch_50_None_None_None_#,0.5841280179893689,0.59638851274392,0.5517921379854086,0.0345999064446047,2.379748757670659,0.014251460101783,0.0495787032001862,0.0540109965510317,0.0032826747472649,0.1107292057047443,46,0.5900718778077269,0.5900351108684442,0.5896197906788948,1.97923413315352
DCASE2020Task1A-16k_Cnn10-AS-naturalsounds-P_Adam_0.001_32_epoch_50_None_None_None_#,0.5697806572738676,0.5639656745508338,0.5292316033006573,0.135733472407341,1.9173599084742767,0.0426648207008883,0.0278929999601437,0.0077222216234648,0.0047919484479551,0.2286651000633323,28,0.5807502246181492,0.580686747353414,0.5707554407017005,2.053495858815756
DCASE2020Task1A-16k_Cnn10-AS-naturalsources-P_Adam_0.001_32_epoch_50_None_None_None_#,0.5929442372417857,0.5977700559509141,0.5618376027372015,0.0658908565921703,1.8589428454495056,0.0349406739028336,0.0413929569728635,0.0421803473730521,0.0064270216053671,0.3258585808997072,19,0.5905211141060197,0.5904499196165863,0.586306605825276,2.0233813507865506
DCASE2020Task1A-16k_Cnn10-AS-nature-P_Adam_0.001_32_epoch_50_None_None_None_#,0.5825019161497925,0.5873185067099135,0.5348725063554569,0.1200859556165585,1.7868032497160016,0.0164906956657861,0.0564514066847962,0.0463226480544237,0.010780569640133,0.1733297024250342,13,0.5824348607367474,0.5824426699426698,0.5777142984137297,2.1785096050312758
DCASE2020Task1A-16k_Cnn10-AS-nonhuman-P_Adam_0.001_32_epoch_50_None_None_None_#,0.6174555882044808,0.6209560063028191,0.571093075674781,0.3701672942217595,1.119104841410298,0.0277687233956094,0.0376466803245986,0.0218270090983907,0.0108032420618934,0.0651163737645833,4,0.624550763701707,0.6245173203506537,0.6162367842679769,1.3656041997861357
DCASE2020Task1A-16k_Cnn10-AS-speech-P_Adam_0.001_32_epoch_50_None_None_None_#,0.559735047291043,0.5666988181489576,0.5282728200041187,0.077051292212107,2.3005631019220343,0.0339429724128624,0.0244482984400426,0.029217220311346,0.0187496787594062,0.4100198907468903,27,0.5494159928122192,0.5494297327630661,0.543163308960613,2.396443129669056
DCASE2020Task1A-16k_Cnn10-AS-things-P_Adam_0.001_32_epoch_50_None_None_None_#,0.5871558575839665,0.6046960536767031,0.5475976881580158,0.0613033279618379,1.9266912921199093,0.0280089254841646,0.0505599096073782,0.0405196009448208,0.0042113868728334,0.2088353659364456,18,0.6230907457322551,0.6230863439196773,0.6162536647446023,1.6095472873842462
DCASE2020Task1A-16k_Cnn10_Adam_0.001_32_epoch_50_None_None_None_#,0.5411446889570605,0.561264860711618,0.51585817174788,0.1363880216317974,2.193831217211061,0.0104191408620422,0.0311806954440987,0.0187995834541456,0.0047472763606215,0.0626754222926765,41,0.5271787960467206,0.5271369854703188,0.5212331405470706,1.8740920322610344
SpeechCommands-16k_Cnn10-AS-0.01-P_Adam_0.001_32_epoch_50_None_None_None_#,0.9684734328557592,0.96583931815985,0.9653952131764534,0.0158093439955905,0.2129802446857618,0.0025862572082356,0.001815039253404,0.0026691489205166,0.0008276238017759,0.0114963131434679,48,0.9675601999091322,0.9637155831871276,0.9636112299733544,0.178000886938197
SpeechCommands-16k_Cnn10-AS-0.03-P_Adam_0.001_32_epoch_50_None_None_None_#,0.9680058778345524,0.965855190347884,0.9643612325821188,0.0140983663751993,0.2079518194590462,0.0018618521677543,0.0022899777208881,0.0024245799996953,0.0011569636713334,0.0142214235575707,43,0.9683780099954564,0.9640048345787176,0.9649244445905264,0.191457923104733
SpeechCommands-16k_Cnn10-AS-0.1-P_Adam_0.001_32_epoch_50_None_None_None_#,0.9675049260261162,0.9652273830749172,0.9639386102020104,0.0145309877199436,0.2322633093815115,0.0006039188230981,0.0006892552145302,0.0002941106251061,0.0020205714402289,0.0073593274168456,48,0.9682265636831744,0.9640831971792192,0.9644810315875572,0.1762878360165387
SpeechCommands-16k_Cnn10-AS-0.3-P_Adam_0.001_32_epoch_50_None_None_None_#,0.9665364191964732,0.9638471232652354,0.9626474569413448,0.0178545755037255,0.229138266520142,0.0003612414863704,0.0010883747713254,0.0011489393415151,0.0010555296018569,0.0065590340514505,46,0.967681356958958,0.963727601798378,0.9635210134444576,0.1821678914978104
SpeechCommands-16k_Cnn10-AS-P_Adam_0.001_32_epoch_50_None_None_None_#,0.9670373710049092,0.9658615249234784,0.9637151014037753,0.0158444997771114,0.2419865143350434,0.0015650234797929,0.0016505516576466,0.0017500582814563,0.0013360956010655,0.0086094669511717,47,0.9686203240951082,0.9651009214809186,0.9655481573451822,0.1929052484608592
SpeechCommands-16k_Cnn10-AS-animal-P_Adam_0.001_32_epoch_50_None_None_None_#,0.9681728617706976,0.9656498253813068,0.9650073329802864,0.0186274013897141,0.1994396206410351,0.0013076025749224,0.0015748221866654,0.0017789689600972,0.0003092835916205,0.0116966351107567,36,0.9678328032712404,0.9636836828954484,0.9640950248189518,0.1640465336551171
SpeechCommands-16k_Cnn10-AS-humansounds-P_Adam_0.001_32_epoch_50_None_None_None_#,0.9665030224092442,0.964019742178028,0.9632396688314292,0.0151860709499582,0.2295971068709961,0.0013676381945324,0.0006356445297829,0.0013127613342353,0.0014806046242842,0.0128898337202989,41,0.967741935483871,0.9637664184699236,0.9643478743175792,0.1768621833910815
SpeechCommands-16k_Cnn10-AS-naturalsounds-P_Adam_0.001_32_epoch_50_None_None_None_#,0.967438132451658,0.9641786507052272,0.9637000719385992,0.0154598353533638,0.2124646825937161,0.0006094341779679,0.0005538333903758,0.0013996435444976,0.0003242720164514,0.0028403847358362,49,0.968468877782826,0.9643361719499418,0.9650301217245396,0.167113404129724
SpeechCommands-16k_Cnn10-AS-naturalsources-P_Adam_0.001_32_epoch_50_None_None_None_#,0.9665364191964732,0.9646685102345776,0.962651123129782,0.0138955092139311,0.2378181021834776,0.0011812269434477,0.0004297799369646,0.0014987407216427,0.0009340959070026,0.0077687196473538,49,0.9667121005603514,0.9626886708481748,0.9632803285599691,0.1872750266780522
SpeechCommands-16k_Cnn10-AS-nature-P_Adam_0.001_32_epoch_50_None_None_None_#,0.9687740039408208,0.9665413876528652,0.9652579753193156,0.0144684204588824,0.225135146029907,0.0011171712041998,0.0011046303291119,0.0009951911866462,0.0012901004078307,0.0107135862842499,44,0.9668938361350902,0.9629001371025424,0.9630524522527332,0.1978318807602083
SpeechCommands-16k_Cnn10-AS-nonhuman-P_Adam_0.001_32_epoch_50_None_None_None_#,0.9677387035367198,0.9655872576566776,0.9645832238866556,0.0199657418715514,0.1951806947113284,0.0011156726506022,0.0023014181101057,0.0013045142482502,0.0005331696666928,0.006721855064786,33,0.9677722247463274,0.9636635314031748,0.9639414375352556,0.1772564232817769
SpeechCommands-16k_Cnn10-AS-speech-P_Adam_0.001_32_epoch_50_None_None_None_#,0.9647997862605616,0.962502822895743,0.9612364653632298,0.0165270958937255,0.2376234435630668,0.0025154233119793,0.0029204611933534,0.0032512589373836,0.001296372189911,0.005610356716821,45,0.9645312736634862,0.960036973293145,0.9601648320558316,0.1931955904850172
SpeechCommands-16k_Cnn10-AS-things-P_Adam_0.001_32_epoch_50_None_None_None_#,0.9662358481114116,0.9652662051793104,0.962307221084462,0.0207169712987244,0.2032721664965508,0.0022692619282449,0.0016446219025686,0.0029516642566423,0.0021387194062083,0.021485778283963,33,0.9668332576101772,0.9634813508992934,0.9630549379291752,0.1575969772072775
SpeechCommands-16k_Cnn10_Adam_0.001_32_epoch_50_None_None_None_#,0.9645326119627292,0.9618249452422932,0.9603818383237362,0.0260557546869294,0.1944059864618021,0.0007013325318103,0.0009796992829296,0.0015946431095818,0.0008778014088597,0.0074077828928905,30,0.9667726790852642,0.962200066372106,0.9630143882631628,0.1590761769679401
